accuracy,precision,recall,f1_score
0.3182106096595408,0.2993772619133879,0.3182106096595408,0.29353379590024226
