accuracy,precision,recall,f1_score
0.9846397466349961,0.9847198064976359,0.9846397466349961,0.9843806380159384
